,Name
0,S1
1,S10
2,S100
3,S101
4,S102
5,S103
6,S104
7,S105
8,S106
9,S107
10,S108
11,S109
12,S11
13,S110
14,S111
15,S112
16,S113
17,S114
18,S115
19,S116
20,S117
21,S118
22,S119
23,S12
24,S120
25,S121
26,S122
27,S123
28,S124
29,S125
30,S126
31,S127
32,S128
33,S129
34,S13
35,S130
36,S131
37,S132
38,S133
39,S134
40,S135
41,S136
42,S137
43,S138
44,S139
45,S14
46,S140
47,S141
48,S142
49,S143
50,S144
51,S145
52,S146
53,S147
54,S148
55,S149
56,S15
57,S150
58,S151
59,S152
60,S153
61,S154
62,S155
63,S156
64,S157
65,S158
66,S159
67,S16
68,S160
69,S161
70,S163
71,S164
72,S165
73,S166
74,S167
75,S168
76,S169
77,S17
78,S170
79,S171
80,S172
81,S173
82,S174
83,S175
84,S176
85,S177
86,S178
87,S179
88,S18
89,S180
90,S181
91,S182
92,S183
93,S184
94,S185
95,S186
96,S187
97,S188
98,S189
99,S19
100,S190
101,S191
102,S192
103,S193
104,S194
105,S195
106,S196
107,S197
108,S198
109,S199
110,S2
111,S20
112,S200
113,S21
114,S22
115,S23
116,S24
117,S25
118,S26
119,S27
120,S28
121,S29
122,S3
123,S30
124,S31
125,S33
126,S34
127,S35
128,S36
129,S37
130,S38
131,S39
132,S4
133,S40
134,S41
135,S42
136,S43
137,S44
138,S45
139,S46
140,S47
141,S48
142,S49
143,S5
144,S50
145,S51
146,S52
147,S53
148,S54
149,S55
150,S56
151,S57
152,S59
153,S6
154,S60
155,S61
156,S62
157,S63
158,S64
159,S65
160,S66
161,S67
162,S68
163,S69
164,S7
165,S70
166,S71
167,S72
168,S73
169,S74
170,S75
171,S76
172,S77
173,S78
174,S79
175,S8
176,S80
177,S81
178,S82
179,S83
180,S84
181,S85
182,S86
183,S87
184,S88
185,S89
186,S9
187,S90
188,S91
189,S92
190,S93
191,S94
192,S95
193,S96
194,S97
195,S98
196,S99
